{"model":{"version":3,"nodes":[{"name":"RootNode","position":[0,0,0],"rotation":[0,0,0],"scale":[0.01,0.01,0.01],"scaleCompensation":false},{"name":"hexagonalPrism","position":[-1.52946e-08,9.5591e-10,-7.64728e-09],"rotation":[0,0,0],"scale":[100,100,100],"scaleCompensation":false}],"parents":[-1,0],"skins":[],"morphs":[],"vertices":[{"position":{"type":"float32","components":3,"data":[0.866025,-1,-0.5,-0.866025,-1,-0.5,0,-1,-1,0.866025,-1,0.5,-0.866025,-1,0.5,0,-1,1,0.866025,1,-0.5,-0.866025,1,-0.5,0.866025,1,0.5,-0.866025,1,0.5,0,1,-1,0,1,1,0,1,1,0,-1,1,0.866025,1,0.5,0.866025,-1,0.5,-0.866025,1,0.5,-0.866025,-1,-0.5,-0.866025,-1,0.5,-0.866025,1,-0.5,0.866025,-1,-0.5,0.866025,1,-0.5,0.866025,-1,0.5,0.866025,1,0.5,-0.866025,1,0.5,-0.866025,-1,0.5,0,1,1,0,-1,1,-0.866025,-1,-0.5,-0.866025,1,-0.5,0,-1,-1,0,1,-1,0,-1,-1,0,1,-1,0.866025,-1,-0.5,0.866025,1,-0.5]},"normal":{"type":"float32","components":3,"data":[0,-1,0,0,-1,0,0,-1,0,0,-1,0,0,-1,0,0,-1,0,0,1,0,0,1,0,0,1,0,0,1,0,0,1,0,0,1,0,0.5,0,0.866025,0.5,0,0.866025,0.5,0,0.866025,0.5,0,0.866025,-1,0,0,-1,0,0,-1,0,0,-1,0,0,1,0,0,1,0,0,1,0,0,1,0,0,-0.5,0,0.866026,-0.5,0,0.866026,-0.5,0,0.866026,-0.5,0,0.866026,-0.5,0,-0.866025,-0.5,0,-0.866025,-0.5,0,-0.866025,-0.5,0,-0.866025,0.5,0,-0.866025,0.5,0,-0.866025,0.5,0,-0.866025,0.5,0,-0.866025]}}],"meshes":[{"aabb":{"min":[-0.866025,-1,-1],"max":[0.866025,1,1]},"vertices":0,"indices":[0,1,2,3,4,0,1,0,4,4,3,5,6,7,8,8,7,9,7,6,10,8,9,11,12,13,14,14,13,15,16,17,18,17,16,19,20,21,22,23,22,21,24,25,26,26,25,27,28,29,30,30,29,31,32,33,34,34,33,35],"type":"triangles","base":0,"count":60}],"meshInstances":[{"node":1,"mesh":0}]}}