{"model":{"version":3,"nodes":[{"name":"RootNode","position":[0,0,0],"rotation":[0,0,0],"scale":[0.01,0.01,0.01],"scaleCompensation":false},{"name":"pentagonalPrism","position":[0,2.08907e-09,6.2672e-09],"rotation":[0,0,0],"scale":[100,100,100],"scaleCompensation":false}],"parents":[-1,0],"skins":[],"morphs":[],"vertices":[{"position":{"type":"float32","components":3,"data":[0,-1,-1,-0.587785,-1,0.809017,-0.951057,-1,-0.309017,0.951056,-1,-0.309017,0.587785,-1,0.809017,0,1,-1,-0.587785,1,0.809017,0.951056,1,-0.309017,0.587785,1,0.809017,-0.951057,1,-0.309017,0,-1,-1,0,1,-1,0.951056,-1,-0.309017,0.951056,1,-0.309017,0.587785,1,0.809017,-0.587785,1,0.809017,-0.587785,-1,0.809017,0.587785,-1,0.809017,-0.951057,-1,-0.309017,-0.951057,1,-0.309017,0,-1,-1,0,1,-1,0.951056,-1,-0.309017,0.951056,1,-0.309017,0.587785,-1,0.809017,0.587785,1,0.809017,-0.587785,1,0.809017,-0.951057,-1,-0.309017,-0.587785,-1,0.809017,-0.951057,1,-0.309017]},"normal":{"type":"float32","components":3,"data":[0,-1,0,0,-1,0,0,-1,0,0,-1,0,0,-1,0,0,1,0,0,1,0,0,1,0,0,1,0,0,1,0,0.587785,0,-0.809017,0.587785,0,-0.809017,0.587785,0,-0.809017,0.587785,0,-0.809017,0,0,1,0,0,1,0,0,1,0,0,1,-0.587785,0,-0.809017,-0.587785,0,-0.809017,-0.587785,0,-0.809017,-0.587785,0,-0.809017,0.951057,0,0.309017,0.951057,0,0.309017,0.951057,0,0.309017,0.951057,0,0.309017,-0.951056,0,0.309017,-0.951056,0,0.309017,-0.951056,0,0.309017,-0.951056,0,0.309017]}}],"meshes":[{"aabb":{"min":[-0.951057,-1,-1],"max":[0.951056,1,0.809017]},"vertices":0,"indices":[0,1,2,1,0,3,1,3,4,5,6,7,7,6,8,6,5,9,10,11,12,12,11,13,14,15,16,14,16,17,18,19,20,20,19,21,22,23,24,25,24,23,26,27,28,27,26,29],"type":"triangles","base":0,"count":48}],"meshInstances":[{"node":1,"mesh":0}]}}