{"model":{"version":3,"nodes":[{"name":"RootNode","position":[0,0,0],"rotation":[0,0,0],"scale":[0.01,0.01,0.01],"scaleCompensation":false},{"name":"Circle","position":[0,0,0],"rotation":[0,0,0],"scale":[100,100,100],"scaleCompensation":false}],"parents":[-1,0],"skins":[],"morphs":[],"vertices":[{"position":{"type":"float32","components":3,"data":[-0.865,-1,0.5,0,-1,-1,0.865,-1,0.5,-0.865,1,0.5,0.865,1,0.5,0,1,-1,0.865,1,0.5,0.865,-1,0.5,0,1,-1,0,-1,-1,0.865,1,0.5,-0.865,1,0.5,-0.865,-1,0.5,0.865,-1,0.5,-0.865,1,0.5,0,-1,-1,-0.865,-1,0.5,0,1,-1]},"normal":{"type":"float32","components":3,"data":[0,-1,0,0,-1,0,0,-1,0,0,1,0,0,1,0,0,1,0,0.866282,0,-0.499556,0.866282,0,-0.499556,0.866282,0,-0.499556,0.866282,0,-0.499556,0,0,1,0,0,1,0,0,1,0,0,1,-0.866282,0,-0.499556,-0.866282,0,-0.499556,-0.866282,0,-0.499556,-0.866282,0,-0.499556]}}],"meshes":[{"aabb":{"min":[-0.865,-1,-1],"max":[0.865,1,0.5]},"vertices":0,"indices":[0,1,2,3,4,5,6,7,8,7,9,8,10,11,12,10,12,13,14,15,16,15,14,17],"type":"triangles","base":0,"count":24}],"meshInstances":[{"node":1,"mesh":0}]}}