{
  "resources": [
    "output.ogg",
    "output.m4a",
    "output.mp3",
    "output.ac3"
  ],
  "spritemap": {
    "sound 409 (youlose)": {
      "start": 0,
      "end": 3.709387755102041,
      "loop": false
    },
    "sound 410 (release)": {
      "start": 5,
      "end": 5.6269387755102045,
      "loop": false
    },
    "sound 411 (pullsarrowfromface)": {
      "start": 7,
      "end": 9.40326530612245,
      "loop": false
    },
    "sound 412 (gore3)": {
      "start": 11,
      "end": 12.410612244897958,
      "loop": false
    },
    "sound 413 (missedshot)": {
      "start": 14,
      "end": 15.82857142857143,
      "loop": false
    },
    "sound 414 (kneel)": {
      "start": 17,
      "end": 17.731428571428573,
      "loop": false
    },
    "sound 415 (restringbow)": {
      "start": 19,
      "end": 19.57469387755102,
      "loop": false
    },
    "sound 416 (groan8)": {
      "start": 21,
      "end": 21.835918367346938,
      "loop": false
    },
    "sound 417 (groan7)": {
      "start": 23,
      "end": 25.40326530612245,
      "loop": false
    },
    "sound 418 (groan6)": {
      "start": 27,
      "end": 30.500408163265305,
      "loop": false
    },
    "sound 419 (groan5)": {
      "start": 32,
      "end": 32.73142857142857,
      "loop": false
    },
    "sound 420 (groan4)": {
      "start": 34,
      "end": 35.88081632653061,
      "loop": false
    },
    "sound 421 (groan3)": {
      "start": 37,
      "end": 39.037551020408166,
      "loop": false
    },
    "sound 422 (groan2)": {
      "start": 41,
      "end": 42.35836734693878,
      "loop": false
    },
    "sound 423 (groan1)": {
      "start": 44,
      "end": 44.78367346938776,
      "loop": false
    },
    "sound 424 (gore2)": {
      "start": 46,
      "end": 46.83591836734694,
      "loop": false
    },
    "sound 425 (gore1)": {
      "start": 48,
      "end": 49.671836734693876,
      "loop": false
    },
    "sound 426 (fart6)": {
      "start": 51,
      "end": 52.82857142857143,
      "loop": false
    },
    "sound 427 (fart4)": {
      "start": 54,
      "end": 54.78367346938776,
      "loop": false
    },
    "sound 428 (fart3)": {
      "start": 56,
      "end": 56.626938775510204,
      "loop": false
    },
    "sound 429 (fart2)": {
      "start": 58,
      "end": 58.73142857142857,
      "loop": false
    },
    "sound 430 (fart1)": {
      "start": 60,
      "end": 60.83591836734694,
      "loop": false
    },
    "sound 431 (fallongrass)": {
      "start": 62,
      "end": 63.30612244897959,
      "loop": false
    },
    "sound 432 (drippingblood2)": {
      "start": 65,
      "end": 66.64571428571429,
      "loop": false
    },
    "sound 433 (drippingblood3)": {
      "start": 68,
      "end": 70.03755102040816,
      "loop": false
    },
    "sound 434 (drippingblood1)": {
      "start": 72,
      "end": 77.64244897959183,
      "loop": false
    },
    "sound 435 (crowdgasp)": {
      "start": 79,
      "end": 80.77632653061224,
      "loop": false
    },
    "sound 436 (choking)": {
      "start": 82,
      "end": 86.02285714285715,
      "loop": false
    },
    "sound 437 (button1)": {
      "start": 88,
      "end": 88.73142857142857,
      "loop": false
    },
    "sound 438 (bodyfall)": {
      "start": 90,
      "end": 91.04489795918367,
      "loop": false
    },
    "sound 439 (bloodspurt)": {
      "start": 93,
      "end": 94.35836734693878,
      "loop": false
    },
    "sound 440 (bloodgush4)": {
      "start": 96,
      "end": 98.50775510204082,
      "loop": false
    },
    "sound 441 (bloodgush3)": {
      "start": 100,
      "end": 102.35102040816327,
      "loop": false
    },
    "sound 442 (bloodgush2)": {
      "start": 104,
      "end": 105.46285714285715,
      "loop": false
    },
    "sound 443 (bloodgush1)": {
      "start": 107,
      "end": 108.82857142857142,
      "loop": false
    },
    "sound 444 (arrowleavesbow)": {
      "start": 110,
      "end": 110.3134693877551,
      "loop": false
    },
    "sound 445 (arrowintheballs)": {
      "start": 112,
      "end": 113.51510204081633,
      "loop": false
    },
    "sound 446 (arrowineyeball)": {
      "start": 115,
      "end": 115.41795918367347,
      "loop": false
    },
    "sound 447 (arrowhitswall)": {
      "start": 117,
      "end": 117.57469387755103,
      "loop": false
    },
    "sound 448 (arrowhitsgrass)": {
      "start": 119,
      "end": 119.41795918367347,
      "loop": false
    },
    "sound 449 (arrowhits3)": {
      "start": 121,
      "end": 121.78367346938775,
      "loop": false
    },
    "sound 450 (arrowhits2)": {
      "start": 123,
      "end": 123.73142857142857,
      "loop": false
    },
    "sound 451 (arrowhits1)": {
      "start": 125,
      "end": 125.78367346938775,
      "loop": false
    },
    "sound 452 (applehit4)": {
      "start": 127,
      "end": 127.36571428571429,
      "loop": false
    },
    "sound 453 (applehit2)": {
      "start": 129,
      "end": 129.78367346938776,
      "loop": false
    },
    "sound 454 (greatpumpkin)": {
      "start": 131,
      "end": 236.48244897959182,
      "loop": false
    },
    "streamsound 109": {
      "start": 238,
      "end": 242.1795918367347,
      "loop": false
    }
  }
}