{ "stream":"snd/sprite", "sprite": { "silence": [ 0, 100, true ], "FireworkSound": [ 200, 504.1723356009071 ], "LevelsChange": [ 1300, 1504.5351473922904 ], "Win": [ 3400, 1727.9138321995463 ], "ballHitFloor": [ 5500, 347.75510204081604 ], "ballHitWall": [ 6600, 535.7823129251705 ], "ballRoll": [ 7700, 8848.072562358278 ], "click1": [ 16800, 399.9999999999986 ], "click2": [ 17900, 45.3061224489808 ], "fon": [ 19000, 106676.6439909297 ], "pinHit1": [ 126100, 104.58049886621268 ], "pinHitX_1": [ 127199.99999999999, 453.33333333333314 ], "pinHitX_2": [ 128299.99999999999, 382.8571428571479 ], "pinHitX_3": [ 129399.99999999997, 484.3537414965908 ], "pinHitX_4": [ 130499.99999999997, 357.006802721088 ], "pinHitX_5": [ 131599.99999999997, 661.9501133786798 ], "pinHit_1": [ 132699.99999999997, 539.3197278911543 ], "pinHit_2": [ 133799.99999999994, 422.22222222221717 ], "pinHit_3": [ 134899.99999999994, 522.2222222222115 ], "pinHit_4": [ 135999.99999999994, 515.9637188208706 ], "pinHit_5": [ 137099.99999999997, 404.8979591836712 ] } }
